MD,Incl,Azi,TVD,NS,EW,VS,DLS,Build,Turn
145.9,0.0,0.0,145.9,4.65,-0.93,0.0,0.0,0.0,0.0
150.0,0.09,227.76,150.0,4.65,-0.93,0.0,0.659,0.659,0.0
160.0,0.2,225.57,160.0,4.63,-0.95,-0.03,0.33,0.33,-6.57
170.0,0.19,227.59,170.0,4.61,-0.97,-0.06,0.036,-0.03,6.06
180.0,0.23,231.32,180.0,4.58,-1.0,-0.09,0.127,0.12,11.19
190.0,0.23,233.02,190.0,4.56,-1.03,-0.13,0.02,0.0,5.1
200.0,0.22,235.12,200.0,4.54,-1.06,-0.16,0.039,-0.03,6.3
202.0,0.22,235.0,202.0,4.53,-1.07,-0.17,0.06,0.06,-1.832
210.0,0.24,234.55,210.0,4.51,-1.1,-0.19,0.06,0.06,-1.679
220.0,0.34,239.76,220.0,4.49,-1.14,-0.23,0.31,0.3,15.63
230.0,0.42,244.41,230.0,4.46,-1.2,-0.29,0.257,0.24,13.95
240.0,0.57,252.51,240.0,4.42,-1.28,-0.35,0.495,0.45,24.3
250.0,0.92,274.57,250.0,4.42,-1.41,-0.4,1.339,1.05,66.18
260.0,1.13,286.19,260.0,4.45,-1.58,-0.44,0.883,0.63,34.86
270.0,1.16,287.83,269.99,4.51,-1.77,-0.46,0.133,0.09,4.92
280.0,1.2,290.33,279.99,4.58,-1.97,-0.48,0.196,0.12,7.5
290.0,1.24,293.03,289.99,4.65,-2.16,-0.48,0.21,0.12,8.1
300.0,1.2,293.2,299.99,4.74,-2.36,-0.48,0.12,-0.12,0.51
310.0,1.19,294.42,309.99,4.82,-2.55,-0.48,0.082,-0.03,3.66
320.0,1.15,292.81,319.98,4.9,-2.74,-0.48,0.155,-0.12,-4.83
330.0,1.12,290.98,329.98,4.98,-2.92,-0.48,0.141,-0.09,-5.49
340.0,1.1,290.84,339.98,5.05,-3.1,-0.49,0.061,-0.06,-0.42
350.0,1.08,288.68,349.98,5.11,-3.28,-0.5,0.137,-0.06,-6.48
360.0,1.07,287.43,359.98,5.17,-3.46,-0.51,0.076,-0.03,-3.75
370.0,1.1,286.47,369.97,5.22,-3.64,-0.53,0.105,0.09,-2.88
380.0,1.19,289.32,379.97,5.29,-3.83,-0.55,0.319,0.27,8.55
390.0,1.33,294.68,389.97,5.37,-4.03,-0.55,0.549,0.42,16.08
400.0,1.73,303.22,399.97,5.5,-4.27,-0.52,1.378,1.2,25.62
410.0,1.86,305.68,409.96,5.68,-4.52,-0.46,0.453,0.39,7.38
420.0,1.89,306.23,419.96,5.87,-4.79,-0.39,0.105,0.09,1.65
430.0,1.96,306.14,429.95,6.07,-5.06,-0.31,0.21,0.21,-0.27
440.0,1.99,306.93,439.94,6.27,-5.34,-0.23,0.122,0.09,2.37
450.0,2.01,307.01,449.94,6.48,-5.62,-0.15,0.061,0.06,0.24
460.0,1.99,307.09,459.93,6.69,-5.89,-0.06,0.061,-0.06,0.24
470.0,2.03,307.66,469.93,6.91,-6.17,0.02,0.134,0.12,1.71
480.0,2.06,308.33,479.92,7.13,-6.45,0.12,0.115,0.09,2.01
490.0,2.05,307.74,489.91,7.35,-6.74,0.21,0.07,-0.03,-1.77
500.0,2.1,310.18,499.91,7.57,-7.02,0.31,0.305,0.15,7.32
510.0,2.11,309.44,509.9,7.81,-7.3,0.41,0.087,0.03,-2.22
520.0,2.12,308.88,519.89,8.04,-7.59,0.52,0.069,0.03,-1.68
530.0,2.09,308.61,529.89,8.27,-7.87,0.62,0.095,-0.09,-0.81
540.0,2.13,310.13,539.88,8.51,-8.16,0.72,0.206,0.12,4.56
550.0,2.13,309.28,549.87,8.74,-8.44,0.83,0.095,0.0,-2.55
560.0,2.12,309.17,559.87,8.98,-8.73,0.93,0.032,-0.03,-0.33
570.0,2.13,309.03,569.86,9.21,-9.02,1.03,0.034,0.03,-0.42
580.0,2.16,309.02,579.85,9.45,-9.31,1.14,0.09,0.09,-0.03
590.0,2.14,309.85,589.85,9.69,-9.6,1.24,0.111,-0.06,2.49
600.0,2.18,309.02,599.84,9.93,-9.89,1.35,0.152,0.12,-2.49
610.0,2.15,308.45,609.83,10.16,-10.18,1.45,0.111,-0.09,-1.71
620.0,2.13,307.49,619.82,10.39,-10.48,1.55,0.123,-0.06,-2.88
630.0,2.01,302.74,629.82,10.6,-10.77,1.62,0.628,-0.36,-14.25
640.0,1.68,284.45,639.81,10.73,-11.06,1.63,2.012,-0.99,-54.87
650.0,1.63,275.56,649.81,10.78,-11.35,1.57,0.784,-0.15,-26.67
660.0,1.66,272.6,659.8,10.8,-11.63,1.47,0.27,0.09,-8.88
670.0,1.79,276.8,669.8,10.83,-11.93,1.38,0.544,0.39,12.6
680.0,2.11,265.05,679.79,10.83,-12.27,1.25,1.532,0.96,-35.25
690.0,2.45,259.38,689.79,10.77,-12.66,1.04,1.223,1.02,-17.01
700.0,2.77,256.59,699.78,10.68,-13.11,0.78,1.033,0.96,-8.37
710.0,3.19,251.91,709.76,10.54,-13.61,0.46,1.455,1.26,-14.04
720.0,4.01,244.94,719.74,10.3,-14.19,0.01,2.784,2.46,-20.91
730.0,4.67,241.67,729.71,9.96,-14.87,-0.57,2.114,1.98,-9.81
740.0,5.38,239.18,739.67,9.53,-15.63,-1.26,2.228,2.13,-7.47
750.0,6.03,237.66,749.63,9.01,-16.47,-2.07,2.002,1.95,-4.56
760.0,6.89,236.29,759.56,8.39,-17.42,-3.01,2.621,2.58,-4.11
770.0,7.68,235.54,769.48,7.68,-18.47,-4.07,2.387,2.37,-2.25
780.0,8.37,235.75,779.38,6.89,-19.62,-5.25,2.072,2.07,0.63
790.0,9.33,235.86,789.26,6.03,-20.89,-6.54,2.88,2.88,0.33
800.0,10.21,236.82,799.12,5.09,-22.3,-7.96,2.685,2.64,2.88
810.0,10.79,237.99,808.95,4.11,-23.84,-9.46,1.854,1.74,3.51
820.0,11.33,239.39,818.77,3.11,-25.48,-11.02,1.809,1.62,4.2
830.0,11.93,242.49,828.56,2.13,-27.24,-12.61,2.598,1.8,9.3
840.0,12.31,246.06,838.34,1.22,-29.13,-14.19,2.521,1.14,10.71
850.0,12.52,249.24,848.1,0.41,-31.12,-15.72,2.145,0.63,9.54
860.0,12.79,252.71,857.86,-0.31,-33.19,-17.18,2.42,0.81,10.41
870.0,12.84,255.52,867.61,-0.91,-35.32,-18.58,1.876,0.15,8.43
880.0,12.75,256.87,877.36,-1.44,-37.47,-19.9,0.937,-0.27,4.05
890.0,12.55,257.29,887.12,-1.93,-39.61,-21.19,0.66,-0.6,1.26
900.0,12.18,258.31,896.89,-2.38,-41.7,-22.42,1.289,-1.11,3.06
910.0,11.4,260.19,906.68,-2.77,-43.71,-23.56,2.608,-2.34,5.64
920.0,10.91,261.87,916.49,-3.07,-45.62,-24.59,1.764,-1.47,5.04
930.0,10.76,262.94,926.31,-3.32,-47.48,-25.54,0.753,-0.45,3.21
940.0,10.58,264.05,936.14,-3.53,-49.32,-26.46,0.82,-0.54,3.33
950.0,10.53,264.5,945.97,-3.71,-51.14,-27.34,0.289,-0.15,1.35
960.0,10.52,265.36,955.8,-3.87,-52.96,-28.2,0.472,-0.03,2.58
970.0,10.48,266.01,965.63,-4.01,-54.78,-29.04,0.375,-0.12,1.95
980.0,10.36,267.69,975.47,-4.11,-56.59,-29.83,0.98,-0.36,5.04
990.0,10.31,270.33,985.31,-4.14,-58.38,-30.56,1.429,-0.15,7.92
1000.0,10.29,272.52,995.14,-4.09,-60.17,-31.22,1.176,-0.06,6.57
1010.0,10.34,273.32,1004.98,-4.0,-61.95,-31.84,0.455,0.15,2.4
1020.0,10.39,274.63,1014.82,-3.88,-63.75,-32.42,0.723,0.15,3.93
1030.0,10.48,275.34,1024.65,-3.72,-65.55,-32.99,0.471,0.27,2.13
1040.0,10.47,275.48,1034.49,-3.55,-67.36,-33.54,0.082,-0.03,0.42
1050.0,10.49,275.78,1044.32,-3.37,-69.17,-34.08,0.174,0.06,0.9
1060.0,10.66,277.07,1054.15,-3.17,-71.0,-34.6,0.874,0.51,3.87
1070.0,11.01,278.92,1063.97,-2.9,-72.86,-35.09,1.48,1.05,5.55
1080.0,11.46,281.15,1073.78,-2.56,-74.78,-35.53,1.876,1.35,6.69
1090.0,12.02,283.68,1083.57,-2.13,-76.76,-35.9,2.282,1.68,7.59
1100.0,13.04,287.32,1093.33,-1.54,-78.85,-36.18,3.869,3.06,10.92
1110.0,14.19,289.87,1103.05,-0.79,-81.08,-36.36,3.891,3.45,7.65
1120.0,15.14,291.09,1112.73,0.1,-83.45,-36.48,2.997,2.85,3.66
1130.0,16.29,291.76,1122.35,1.09,-85.97,-36.55,3.493,3.45,2.01
1140.0,18.12,291.94,1131.91,2.19,-88.72,-36.61,5.492,5.49,0.54
1150.0,19.37,291.62,1141.37,3.38,-91.7,-36.68,3.763,3.75,-0.96
1160.0,20.2,291.03,1150.78,4.61,-94.86,-36.78,2.561,2.49,-1.77
1170.0,20.94,290.28,1160.15,5.85,-98.14,-36.93,2.357,2.22,-2.25
1180.0,21.74,288.95,1169.46,7.07,-101.57,-37.15,2.805,2.4,-3.99
1190.0,22.06,288.24,1178.74,8.26,-105.11,-37.43,1.246,0.96,-2.13
1200.0,22.3,287.56,1188.0,9.42,-108.7,-37.77,1.054,0.72,-2.04
1210.0,22.53,286.61,1197.24,10.54,-112.34,-38.17,1.287,0.69,-2.85
1220.0,22.78,285.44,1206.47,11.6,-116.05,-38.64,1.546,0.75,-3.51
1230.0,22.91,284.77,1215.69,12.61,-119.79,-39.17,0.872,0.39,-2.01
1240.0,22.99,284.46,1224.9,13.6,-123.57,-39.74,0.435,0.24,-0.93
1250.0,23.1,284.53,1234.1,14.58,-127.36,-40.32,0.34,0.33,0.21
1260.0,23.02,284.46,1243.3,15.56,-131.15,-40.9,0.254,-0.24,-0.21
1270.0,22.4,284.23,1252.52,16.51,-134.89,-41.49,1.879,-1.86,-0.69
1280.0,22.06,284.22,1261.78,17.44,-138.56,-42.07,1.02,-1.02,-0.03
1290.0,21.49,284.19,1271.07,18.35,-142.15,-42.63,1.71,-1.71,-0.09
1300.0,20.95,283.85,1280.39,19.23,-145.66,-43.2,1.662,-1.62,-1.02
1310.0,20.83,283.6,1289.73,20.08,-149.13,-43.78,0.448,-0.36,-0.75
1320.0,20.85,283.68,1299.08,20.92,-152.59,-44.36,0.104,0.06,0.24
1330.0,21.02,283.73,1308.42,21.76,-156.06,-44.94,0.513,0.51,0.15
1340.0,21.31,283.42,1317.74,22.61,-159.57,-45.53,0.933,0.87,-0.93
1350.0,21.61,283.17,1327.05,23.45,-163.13,-46.15,0.941,0.9,-0.75
1357.7,21.89,282.71,1334.2,24.09,-165.91,-46.65,1.264,1.079,-1.776
1360.0,21.97,282.58,1336.33,24.28,-166.75,-46.8,1.264,1.082,-1.749
1370.0,22.45,281.18,1345.59,25.06,-170.44,-47.53,2.143,1.44,-4.2
1380.0,23.22,278.29,1354.81,25.71,-174.27,-48.43,4.081,2.31,-8.67
1390.0,23.84,276.25,1363.98,26.21,-178.23,-49.51,3.07,1.86,-6.12
1400.0,24.53,274.57,1373.1,26.6,-182.31,-50.75,2.924,2.07,-5.04
1410.0,25.42,271.77,1382.17,26.83,-186.52,-52.19,4.439,2.67,-8.4
1420.0,26.38,269.11,1391.16,26.86,-190.89,-53.87,4.521,2.88,-7.98
1430.0,27.21,266.65,1400.09,26.7,-195.39,-55.78,4.155,2.49,-7.38
1440.0,27.94,264.45,1408.95,26.34,-200.01,-57.92,3.759,2.19,-6.6
1450.0,28.74,261.88,1417.75,25.77,-204.72,-60.29,4.376,2.4,-7.71
1460.0,29.48,260.21,1426.49,25.01,-209.52,-62.86,3.297,2.22,-5.01
1470.0,29.92,259.85,1435.18,24.15,-214.4,-65.56,1.424,1.32,-1.08
1480.0,30.4,259.6,1443.82,23.26,-219.35,-68.32,1.488,1.44,-0.75
1490.0,31.22,259.49,1452.41,22.33,-224.38,-71.15,2.466,2.46,-0.33
1500.0,31.87,259.45,1460.93,21.37,-229.53,-74.04,1.951,1.95,-0.12
1510.0,32.35,259.26,1469.4,20.39,-234.75,-76.99,1.472,1.44,-0.57
1520.0,32.72,259.31,1477.84,19.39,-240.04,-79.97,1.113,1.11,0.15
1530.0,33.21,259.32,1486.23,18.38,-245.38,-82.99,1.47,1.47,0.03
1540.0,33.41,259.4,1494.58,17.37,-250.78,-86.04,0.614,0.6,0.24
1550.0,33.61,259.49,1502.92,16.36,-256.21,-89.09,0.618,0.6,0.27
1560.0,33.95,259.53,1511.23,15.34,-261.67,-92.16,1.022,1.02,0.12
1570.0,34.05,259.37,1519.52,14.32,-267.17,-95.25,0.403,0.3,-0.48
1580.0,34.02,258.98,1527.81,13.27,-272.67,-98.37,0.661,-0.09,-1.17
1590.0,34.03,258.75,1536.1,12.19,-278.16,-101.51,0.387,0.03,-0.69
1600.0,33.97,258.48,1544.39,11.08,-283.64,-104.67,0.487,-0.18,-0.81
1610.0,34.0,258.45,1552.68,9.97,-289.12,-107.85,0.103,0.09,-0.09
1620.0,34.2,258.47,1560.96,8.84,-294.61,-111.03,0.601,0.6,0.06
1630.0,34.38,258.36,1569.22,7.71,-300.13,-114.23,0.571,0.54,-0.33
1640.0,34.44,258.17,1577.47,6.56,-305.66,-117.45,0.369,0.18,-0.57
1650.0,34.42,257.88,1585.72,5.39,-311.19,-120.69,0.496,-0.06,-0.87
1660.0,34.35,257.77,1593.97,4.2,-316.71,-123.95,0.281,-0.21,-0.33
1670.0,34.31,257.67,1602.23,3.0,-322.23,-127.21,0.207,-0.12,-0.3
1680.0,34.23,257.7,1610.49,1.8,-327.73,-130.46,0.245,-0.24,0.09
1690.0,34.23,257.66,1618.76,0.6,-333.22,-133.72,0.068,0.0,-0.12
1700.0,34.3,257.68,1627.03,-0.6,-338.72,-136.98,0.213,0.21,0.06
1710.0,34.41,257.59,1635.28,-1.81,-344.23,-140.25,0.363,0.33,-0.27
1720.0,34.04,257.5,1643.55,-3.03,-349.73,-143.51,1.12,-1.11,-0.27
1730.0,33.09,257.75,1651.88,-4.21,-355.13,-146.71,2.88,-2.85,0.75
1740.0,32.35,258.27,1660.3,-5.33,-360.41,-149.82,2.375,-2.22,1.56
1750.0,31.64,258.71,1668.78,-6.39,-365.61,-152.82,2.242,-2.13,1.32
1760.0,30.59,259.3,1677.34,-7.38,-370.68,-155.71,3.28,-3.15,1.77
1770.0,29.68,259.79,1685.99,-8.29,-375.62,-158.48,2.828,-2.73,1.47
1780.0,29.07,260.04,1694.7,-9.15,-380.44,-161.16,1.867,-1.83,0.75
1790.0,28.52,260.12,1703.46,-9.98,-385.19,-163.78,1.654,-1.65,0.24
1800.0,27.54,260.26,1712.29,-10.78,-389.82,-166.33,2.947,-2.94,0.42
1810.0,26.37,260.65,1721.21,-11.53,-394.29,-168.77,3.55,-3.51,1.17
1820.0,25.69,260.79,1730.19,-12.24,-398.62,-171.12,2.048,-2.04,0.42
1830.0,25.1,261.16,1739.22,-12.91,-402.86,-173.39,1.833,-1.77,1.11
1840.0,24.31,261.3,1748.31,-13.55,-406.99,-175.59,2.376,-2.37,0.42
1850.0,23.4,261.24,1757.45,-14.16,-410.98,-177.72,2.731,-2.73,-0.18
1860.0,22.79,260.74,1766.65,-14.78,-414.86,-179.8,1.922,-1.83,-1.5
1870.0,21.92,260.49,1775.9,-15.4,-418.61,-181.84,2.626,-2.61,-0.75
1880.0,20.98,260.58,1785.21,-16.0,-422.22,-183.81,2.822,-2.82,0.27
1890.0,20.23,261.02,1794.57,-16.56,-425.69,-185.68,2.297,-2.25,1.32
1900.0,19.65,261.39,1803.97,-17.08,-429.06,-187.48,1.781,-1.74,1.11
1910.0,19.02,261.79,1813.41,-17.57,-432.34,-189.21,1.931,-1.89,1.2
1920.0,18.16,262.11,1822.88,-18.01,-435.49,-190.85,2.598,-2.58,0.96
1930.0,17.32,262.45,1832.41,-18.42,-438.51,-192.41,2.539,-2.52,1.02
1940.0,16.56,262.81,1841.97,-18.8,-441.4,-193.89,2.302,-2.28,1.08
1950.0,15.62,263.53,1851.58,-19.13,-444.15,-195.27,2.883,-2.82,2.16
1960.0,14.58,264.78,1861.24,-19.39,-446.75,-196.53,3.269,-3.12,3.75
1970.0,13.75,265.49,1870.93,-19.6,-449.18,-197.67,2.544,-2.49,2.13
1980.0,13.12,265.75,1880.66,-19.78,-451.5,-198.74,1.899,-1.89,0.78
1990.0,12.11,266.0,1890.42,-19.94,-453.68,-199.74,3.034,-3.03,0.75
2000.0,10.9,266.44,1900.22,-20.07,-455.67,-200.64,3.64,-3.63,1.32
2010.0,10.04,267.49,1910.05,-20.16,-457.48,-201.44,2.643,-2.58,3.15
2020.0,9.28,269.0,1919.91,-20.22,-459.16,-202.14,2.403,-2.28,4.53
2030.0,8.48,271.02,1929.79,-20.22,-460.7,-202.75,2.576,-2.4,6.06
2040.0,7.52,273.53,1939.69,-20.16,-462.09,-203.24,3.064,-2.88,7.53
2050.0,6.87,275.05,1949.61,-20.07,-463.34,-203.64,2.032,-1.95,4.56
2060.0,6.28,277.53,1959.55,-19.95,-464.48,-203.97,1.964,-1.77,7.44
2070.0,5.66,282.49,1969.49,-19.77,-465.5,-204.21,2.418,-1.86,14.88
2080.0,5.24,287.86,1979.45,-19.52,-466.42,-204.34,1.981,-1.26,16.11
2090.0,4.77,293.02,1989.41,-19.22,-467.24,-204.38,1.951,-1.41,15.48
2100.0,4.19,297.86,1999.38,-18.89,-467.94,-204.35,2.076,-1.74,14.52
2110.0,3.37,306.5,2009.36,-18.54,-468.5,-204.25,2.989,-2.46,25.92
2120.0,2.89,317.71,2019.34,-18.18,-468.91,-204.08,2.327,-1.44,33.63
2130.0,2.79,328.96,2029.33,-17.78,-469.2,-203.83,1.696,-0.3,33.75
2140.0,2.93,341.18,2039.32,-17.33,-469.41,-203.5,1.873,0.42,36.66
2150.0,3.39,355.71,2049.3,-16.8,-469.52,-203.04,2.76,1.38,43.59
2160.0,3.94,7.56,2059.28,-16.16,-469.49,-202.45,2.8,1.65,35.55
2170.0,4.35,16.27,2069.26,-15.46,-469.34,-201.74,2.25,1.23,26.13
2180.0,4.85,25.12,2079.22,-14.71,-469.06,-200.94,2.6,1.5,26.55
2190.0,5.41,33.13,2089.18,-13.93,-468.62,-200.06,2.724,1.68,24.03
2200.0,6.0,38.53,2099.13,-13.13,-468.04,-199.09,2.391,1.77,16.2
2210.0,6.56,42.36,2109.07,-12.3,-467.33,-198.05,2.097,1.68,11.49
2220.0,7.3,46.42,2119.0,-11.44,-466.48,-196.92,2.661,2.22,12.18
2230.0,8.25,51.54,2128.91,-10.55,-465.46,-195.71,3.524,2.85,15.36
2240.0,9.24,55.2,2138.79,-9.65,-464.24,-194.4,3.406,2.97,10.98
2250.0,10.14,57.43,2148.65,-8.72,-462.84,-193.0,2.925,2.7,6.69
2260.0,11.11,59.85,2158.48,-7.76,-461.26,-191.5,3.202,2.91,7.26
2270.0,12.04,61.78,2168.27,-6.78,-459.51,-189.91,3.022,2.79,5.79
2280.0,12.77,63.25,2178.04,-5.79,-457.6,-188.26,2.386,2.19,4.41
2290.0,13.29,64.43,2187.78,-4.8,-455.58,-186.55,1.752,1.56,3.54
2300.0,13.92,65.47,2197.5,-3.8,-453.45,-184.8,2.027,1.89,3.12
2310.0,14.69,65.98,2207.19,-2.79,-451.2,-182.98,2.341,2.31,1.53
2320.0,15.47,66.14,2216.85,-1.73,-448.82,-181.08,2.343,2.34,0.48
2330.0,16.18,66.32,2226.47,-0.63,-446.32,-179.09,2.135,2.13,0.54
2340.0,16.93,66.49,2236.06,0.51,-443.71,-177.02,2.255,2.25,0.51
2350.0,17.72,66.96,2245.6,1.69,-440.98,-174.87,2.407,2.37,1.41
2360.0,18.61,67.36,2255.1,2.9,-438.1,-172.63,2.696,2.67,1.2
2370.0,19.52,67.72,2264.55,4.14,-435.08,-170.3,2.753,2.73,1.08
2380.0,20.43,68.12,2273.95,5.43,-431.92,-167.88,2.761,2.73,1.2
2390.0,21.25,68.32,2283.3,6.75,-428.61,-165.38,2.469,2.46,0.6
2400.0,21.92,68.35,2292.6,8.1,-425.2,-162.79,2.01,2.01,0.09
2410.0,22.61,68.54,2301.85,9.5,-421.67,-160.13,2.081,2.07,0.57
2420.0,23.43,68.67,2311.05,10.92,-418.03,-157.39,2.465,2.46,0.39
2430.0,24.36,68.72,2320.2,12.39,-414.26,-154.56,2.791,2.79,0.15
2440.0,25.31,68.55,2329.27,13.92,-410.35,-151.62,2.858,2.85,-0.51
2450.0,26.29,68.14,2338.28,15.53,-406.3,-148.56,2.988,2.94,-1.23
2460.0,27.23,67.77,2347.2,17.22,-402.13,-145.38,2.864,2.82,-1.11
2470.0,28.23,67.35,2356.06,19.0,-397.83,-142.06,3.057,3.0,-1.26
2480.0,29.08,67.17,2364.83,20.85,-393.4,-138.62,2.563,2.55,-0.54
2490.0,30.08,67.26,2373.53,22.76,-388.85,-135.08,3.003,3.0,0.27
2500.0,31.02,67.18,2382.14,24.73,-384.17,-131.44,2.823,2.82,-0.24
2510.0,31.64,67.35,2390.68,26.74,-379.37,-127.71,1.879,1.86,0.51
2520.0,32.15,67.45,2399.17,28.77,-374.49,-123.94,1.538,1.53,0.3
2530.0,32.87,67.45,2407.6,30.83,-369.53,-120.1,2.16,2.16,0.0
2540.0,34.06,67.96,2415.95,32.92,-364.43,-116.18,3.668,3.57,1.53
2550.0,35.36,68.34,2424.17,35.04,-359.14,-112.16,3.954,3.9,1.14
2560.0,36.24,68.58,2432.28,37.19,-353.7,-108.05,2.673,2.64,0.72
2570.0,36.93,68.78,2440.31,39.36,-348.15,-103.89,2.101,2.07,0.6
2570.68,36.98,68.81,2440.85,39.5,-347.77,-103.6,2.316,2.157,1.401
2580.0,37.65,69.24,2448.26,41.53,-342.49,-99.68,2.316,2.16,1.378
2590.0,37.87,66.01,2456.17,43.86,-336.83,-95.32,5.97,0.66,-9.69
2600.0,37.35,64.16,2464.09,46.43,-331.3,-90.79,3.729,-1.56,-5.55
2610.0,36.64,62.42,2472.08,49.13,-325.92,-86.2,3.795,-2.13,-5.22
2620.0,36.09,60.49,2480.13,51.96,-320.71,-81.55,3.809,-1.65,-5.79
2630.0,35.64,58.41,2488.24,54.94,-315.67,-76.84,3.897,-1.35,-6.24
2640.0,35.21,56.92,2496.38,58.04,-310.77,-72.07,2.894,-1.29,-4.47
2650.0,35.61,56.12,2504.53,61.24,-305.94,-67.24,1.837,1.2,-2.4
2660.0,36.53,55.7,2512.62,64.54,-301.06,-62.3,2.858,2.76,-1.26
2670.0,37.66,55.31,2520.59,67.95,-296.09,-57.21,3.463,3.39,-1.17
2680.0,38.88,54.83,2528.45,71.5,-291.01,-51.96,3.767,3.66,-1.44
2690.0,39.94,54.27,2536.17,75.18,-285.84,-46.54,3.354,3.18,-1.68
2700.0,41.34,53.9,2543.76,79.0,-280.57,-40.97,4.262,4.2,-1.11
2710.0,42.46,53.52,2551.2,82.96,-275.19,-35.22,3.445,3.36,-1.14
2720.0,43.55,53.28,2558.51,87.02,-269.71,-29.34,3.307,3.27,-0.72
2730.0,44.36,52.96,2565.71,91.19,-264.16,-23.33,2.52,2.43,-0.96
2740.0,45.45,52.84,2572.8,95.45,-258.53,-17.21,3.28,3.27,-0.36
2750.0,46.51,52.65,2579.75,99.8,-252.8,-10.97,3.206,3.18,-0.57
2760.0,47.27,52.31,2586.58,104.25,-247.01,-4.61,2.399,2.28,-1.02
2770.0,48.09,51.97,2593.31,108.78,-241.18,1.85,2.573,2.46,-1.02
2780.0,49.38,51.74,2599.91,113.43,-235.27,8.44,3.905,3.87,-0.69
2790.0,50.52,51.27,2606.34,118.19,-229.28,15.17,3.586,3.42,-1.41
2800.0,51.28,51.01,2612.65,123.06,-223.23,22.01,2.359,2.28,-0.78
2810.0,52.21,50.85,2618.84,128.01,-217.14,28.95,2.815,2.79,-0.48
2820.0,52.67,50.8,2624.94,133.02,-210.99,35.96,1.385,1.38,-0.15
2830.0,53.08,50.36,2630.97,138.08,-204.83,43.03,1.619,1.23,-1.32
2840.0,53.5,50.18,2636.95,143.2,-198.67,50.16,1.332,1.26,-0.54
2850.0,53.62,49.84,2642.89,148.37,-192.5,57.33,0.896,0.36,-1.02
2860.0,54.26,49.55,2648.78,153.6,-186.34,64.55,2.045,1.92,-0.87
2870.0,55.16,48.96,2654.55,158.93,-180.15,71.87,3.062,2.7,-1.77
2880.0,56.3,48.39,2660.18,164.39,-173.95,79.32,3.7,3.42,-1.71
2890.0,57.85,47.94,2665.62,169.99,-167.69,86.92,4.786,4.65,-1.35
2900.0,59.48,47.58,2670.82,175.73,-161.37,94.68,4.976,4.89,-1.08
2910.0,60.79,47.21,2675.8,181.6,-154.99,102.58,4.046,3.93,-1.11
2920.0,61.84,46.99,2680.6,187.57,-148.56,110.59,3.203,3.15,-0.66
2930.0,62.96,46.59,2685.23,193.64,-142.1,118.7,3.524,3.36,-1.2
2940.0,64.55,46.35,2689.65,199.82,-135.6,126.93,4.814,4.77,-0.72
2950.0,66.06,45.95,2693.83,206.11,-129.05,135.28,4.659,4.53,-1.2
2960.0,66.83,45.86,2697.83,212.49,-122.47,143.73,2.323,2.31,-0.27
2970.0,68.07,45.8,2701.66,218.92,-115.84,152.24,3.724,3.72,-0.18
2980.0,69.69,45.3,2705.27,225.46,-109.18,160.86,5.057,4.86,-1.5
2990.0,70.89,44.74,2708.64,232.11,-102.52,169.59,3.932,3.6,-1.68
3000.0,71.87,44.31,2711.83,238.87,-95.88,178.41,3.184,2.94,-1.29
3010.0,72.93,43.75,2714.85,245.72,-89.25,187.31,3.56,3.18,-1.68
3020.0,74.47,43.11,2717.66,252.69,-82.66,196.3,4.974,4.62,-1.92
3030.0,75.12,42.6,2720.28,259.76,-76.09,205.38,2.446,1.95,-1.53
3040.0,75.04,42.3,2722.86,266.89,-69.57,214.49,0.902,-0.24,-0.9
3050.0,75.15,41.6,2725.43,274.08,-63.11,223.63,2.056,0.33,-2.1
3060.0,75.2,41.08,2727.99,281.34,-56.73,232.81,1.516,0.15,-1.56
3070.0,75.12,40.53,2730.55,288.66,-50.41,242.02,1.613,-0.24,-1.65
3080.0,74.75,40.21,2733.15,296.01,-44.15,251.23,1.446,-1.11,-0.96
3090.0,74.93,40.06,2735.76,303.39,-37.93,260.46,0.693,0.54,-0.45
3100.0,74.99,40.38,2738.36,310.77,-31.7,269.68,0.944,0.18,0.96
3110.0,75.01,40.46,2740.95,318.12,-25.43,278.9,0.239,0.06,0.24
3120.0,75.07,40.51,2743.53,325.47,-19.16,288.12,0.231,0.18,0.15
3130.0,75.14,40.67,2746.1,332.81,-12.87,297.33,0.509,0.21,0.48
3140.0,75.37,40.74,2748.64,340.14,-6.57,306.55,0.719,0.69,0.21
3144.0,75.22,40.75,2749.66,343.07,-4.04,310.23,1.127,-1.125,0.075
3168.1,75.05,41.07,2755.84,360.67,11.21,332.4,0.439,-0.212,0.398
3208.4,72.06,41.84,2767.25,389.64,36.8,369.07,2.293,-2.226,0.573
3248.8,67.68,41.55,2781.15,417.95,62.02,404.99,3.259,-3.252,-0.215
3288.7,63.3,40.68,2797.7,445.3,85.89,439.49,3.347,-3.293,-0.654
3329.4,57.55,40.55,2817.78,472.15,108.93,473.22,4.239,-4.238,-0.096
3369.9,53.32,40.54,2840.75,497.49,130.6,505.02,3.133,-3.133,-0.007
3410.2,49.77,38.28,2865.81,521.86,150.64,535.28,2.953,-2.643,-1.682
3450.3,48.06,37.47,2892.16,545.71,169.2,564.5,1.358,-1.279,-0.606
3490.7,44.78,38.77,2920.01,568.74,187.26,592.75,2.534,-2.436,0.965
3531.1,40.65,38.36,2949.69,590.16,204.34,619.15,3.074,-3.067,-0.304
3571.7,39.98,38.78,2980.65,610.7,220.72,644.46,0.534,-0.495,0.31
3611.1,40.0,39.49,3010.83,630.34,236.7,668.78,0.348,0.015,0.541
3638.99,40.02,39.18,3032.2,644.21,248.06,685.99,0.216,0.022,-0.335
3652.3,40.03,39.03,3042.39,650.85,253.46,694.22,0.216,0.022,-0.335
3692.3,39.89,38.19,3073.05,670.92,269.49,718.96,0.418,-0.105,-0.63
3732.8,39.93,38.19,3104.11,691.35,285.56,744.04,0.03,0.03,0.0
3749.1,39.98,38.48,3116.61,699.56,292.05,754.14,0.357,0.099,0.534
3762.0,39.98,38.48,3126.49,706.05,297.21,762.13,0.0,0.0,0.0
